{"VertexesNumber":7,"BodyRadius":[1.370770812034607,1.3127732276916505,1.2025113105773926,0.7070191502571106,0.9794663190841675,1.306108832359314,0.7833737730979919],"BodyAngle":[0.007921844720840454,1.001288652420044,1.5216362476348878,3.0227787494659426,3.34613299369812,4.701396942138672,5.538893222808838],"FrontScale":1.2034273147583008,"BackScale":1.5001717805862427,"FrontPos":4,"BackPos":1,"FrontTorque":23.332244873046876,"BackTorque":7.918231010437012}